Entity,Label
AG,ORG
AML,ORG
Aktiengesellschaft,ORG
Amy Walker,PERSON
Andrew,PERSON
Andrew Mountbatten-Windsor,PERSON
Charles Packard,PERSON
Chi Chi Izundu,PERSON
Company Americas,ORG
Complaint,ORG
Court,ORG
DBTCA,ORG
DOJ,ORG
Defendant Deutsche Bank AG,ORG
Defendants,ORG
Defendants Deutsche Bank AG,ORG
Defendants Deutsche Bank Aktiengesellschaft’s,ORG
Department,ORG
"Deutsche 
Bank",ORG
"Deutsche 
Bank AG New York Branch’s",ORG
Deutsche Bank,ORG
"Deutsche Bank 
Case",ORG
Deutsche Bank AG,ORG
Deutsche Bank Trust,ORG
Deutsche Bank Trust Company Americas,ORG
Deutsche Bank’s,ORG
Deutsche Bank’s Role,ORG
"Deutsche Bank’s Wealth 
Management Americas Group",ORG
Donald Trump,PERSON
Epstein,ORG
Epstein,PERSON
Epstein Files,PERSON
FBI,ORG
Files,PERSON
Florida Statute §§ 796.07,ORG
Ghislaine Maxwell,PERSON
Harris,PERSON
House,ORG
House Oversight Committee,ORG
I. JURISDICTION,PERSON
JP Morgan,ORG
JP Morgan,PERSON
JP Morgan Chase,ORG
Jack Fenwick,PERSON
James “Jes” Staley,PERSON
Jane Doe,PERSON
Jane Doe 1,PERSON
Jane Doe 1’s,PERSON
Jeffrey,PERSON
Jeffrey Epstein,PERSON
Jeffrey Epstein's,PERSON
Jeffrey Epstein’s,PERSON
Keir Starmer,PERSON
"Kwasi Gyamfi Asiedu  

Millions",ORG
Legal Responses,PERSON
Lesley Groff,PERSON
Lesley Groff*,PERSON
Mandelson,PERSON
Mark Lajčák,PERSON
Melania Trump,PERSON
Morris,PERSON
NYC,ORG
Patrick Harris,PERSON
Paul Morris,ORG
Paul Morris,PERSON
Peter Mandelson,PERSON
Plaintiff,ORG
Plaintiff Jane Doe,PERSON
Relationship_of_Donald_Trump_and_Jeffrey_Epstein,PERSON
Richard Branson,PERSON
Richard Kahn,PERSON
Ro Khanna,PERSON
Royal Family,ORG
Sakshi Venkatramanand,PERSON
Sarah Ferguson,PERSON
Slovakia,ORG
Staley,PERSON
Steve Bannon,PERSON
TVPA,ORG
Takeaways,PERSON
The New York Times*,ORG
The Trafficking Victims Protection Act,ORG
Thorbjørn Jagland,PERSON
Todd Blanche,PERSON
"Trafficking 
Victim Protection Act",ORG
Trump,ORG
Trump’s Role,PERSON
U.S.C,ORG
U.S.C § 1591,ORG
U.S.C §§ 2422,ORG
UK Labour Party,ORG
UN,ORG
Unanswered Questions,PERSON
VENUE,ORG
"Wealth 
Management Americas",ORG
Without Deutsche Bank’s,ORG
the Deutsche Bank AG New York Branch,ORG
the Gospel of Epstein,ORG
"the New York Adult Survivors 
Act",ORG
the New York Branch,ORG
"the New York State 
Department of Financial Services",ORG
the New York State Department of Financial Services,ORG
the New York Stock Exchange,ORG
the State of New York,ORG
"the Trafficking 
Victims Protection Act",ORG
the U.S. Department of Justice,ORG
the US Department of Justice,ORG
the “New York Branch,ORG
un,ORG
